DATE,AVG_PRICE_USD
2020-05-05 00:00:00.000,0.06433738291
2020-05-06 00:00:00.000,0.06513720518
2020-05-07 00:00:00.000,0.06156403937
2020-05-08 00:00:00.000,0.06109469397
2020-05-09 00:00:00.000,0.0609126075
2020-05-10 00:00:00.000,0.05562725983
2020-05-11 00:00:00.000,0.05727421972
2020-05-12 00:00:00.000,0.06162106135
2020-05-13 00:00:00.000,0.06285957474
2020-05-14 00:00:00.000,0.06649738281
2020-05-15 00:00:00.000,0.06712721791
2020-05-16 00:00:00.000,0.06781202538
2020-05-17 00:00:00.000,0.07472607799
2020-05-18 00:00:00.000,0.08123882346
2020-05-19 00:00:00.000,0.08186103202
2020-05-20 00:00:00.000,0.08480336571
2020-05-21 00:00:00.000,0.07816744794
2020-05-22 00:00:00.000,0.07716662611
2020-05-23 00:00:00.000,0.07797089437
2020-05-24 00:00:00.000,0.07750633377
2020-05-25 00:00:00.000,0.07512277808
2020-05-26 00:00:00.000,0.07763151486
2020-05-27 00:00:00.000,0.07944243777
2020-05-28 00:00:00.000,0.07939332761
2020-05-29 00:00:00.000,0.07855679693
2020-05-30 00:00:00.000,0.07617089579
2020-05-31 00:00:00.000,0.07439237817
2020-06-01 00:00:00.000,0.07715298213
2020-06-02 00:00:00.000,0.08138886551
2020-06-03 00:00:00.000,0.08457213586
2020-06-04 00:00:00.000,0.082567809
2020-06-05 00:00:00.000,0.08161235055
2020-06-06 00:00:00.000,0.08071912213
2020-06-07 00:00:00.000,0.0792443308
2020-06-08 00:00:00.000,0.07961412625
2020-06-09 00:00:00.000,0.08175725176
2020-06-10 00:00:00.000,0.08314290187
2020-06-11 00:00:00.000,0.08163858652
2020-06-12 00:00:00.000,0.0778426225
2020-06-13 00:00:00.000,0.07736428581
2020-06-14 00:00:00.000,0.0759435305
2020-06-15 00:00:00.000,0.07234496281
2020-06-16 00:00:00.000,0.07934133794
2020-06-17 00:00:00.000,0.08134390485
2020-06-18 00:00:00.000,0.07871942406
2020-06-19 00:00:00.000,0.0746300138
2020-06-20 00:00:00.000,0.07370056219
2020-06-21 00:00:00.000,0.07310788566
2020-06-22 00:00:00.000,0.07346063162
2020-06-23 00:00:00.000,0.07622760199
2020-06-24 00:00:00.000,0.07629560794
2020-06-25 00:00:00.000,0.07555801155
2020-06-26 00:00:00.000,0.07170623217
2020-06-27 00:00:00.000,0.06830731538
2020-06-28 00:00:00.000,0.06764168226
2020-06-29 00:00:00.000,0.06965447169
2020-06-30 00:00:00.000,0.0710873788
2020-07-01 00:00:00.000,0.07625132445
2020-07-02 00:00:00.000,0.08072059003
2020-07-03 00:00:00.000,0.07898559242
2020-07-04 00:00:00.000,0.07978095022
2020-07-05 00:00:00.000,0.07976685224
2020-07-06 00:00:00.000,0.0838531164
2020-07-07 00:00:00.000,0.09376838129
2020-07-08 00:00:00.000,0.09537850163
2020-07-09 00:00:00.000,0.09672527722
2020-07-10 00:00:00.000,0.1009754629
2020-07-11 00:00:00.000,0.1162927154
2020-07-12 00:00:00.000,0.1308552045
2020-07-13 00:00:00.000,0.1203054022
2020-07-14 00:00:00.000,0.1156220422
2020-07-15 00:00:00.000,0.1136538706
2020-07-16 00:00:00.000,0.1130745299
2020-07-17 00:00:00.000,0.113683536
2020-07-18 00:00:00.000,0.1174567867
2020-07-19 00:00:00.000,0.1369475297
2020-07-20 00:00:00.000,0.1585761524
2020-07-21 00:00:00.000,0.1508372685
2020-07-22 00:00:00.000,0.148744377
2020-07-23 00:00:00.000,0.1745695317
2020-07-24 00:00:00.000,0.1817854477
2020-07-25 00:00:00.000,0.1717850224
2020-07-26 00:00:00.000,0.1619738777
2020-07-27 00:00:00.000,0.1531891683
2020-07-28 00:00:00.000,0.1764532894
2020-07-29 00:00:00.000,0.1696350872
2020-07-30 00:00:00.000,0.1644217474
2020-07-31 00:00:00.000,0.1742915387
2020-08-01 00:00:00.000,0.2025094453
2020-08-02 00:00:00.000,0.2117102057
2020-08-03 00:00:00.000,0.2447231661
2020-08-04 00:00:00.000,0.2795491053
2020-08-05 00:00:00.000,0.2700137938
2020-08-06 00:00:00.000,0.2838949404
2020-08-07 00:00:00.000,0.3323014365
2020-08-08 00:00:00.000,0.3751016791
2020-08-09 00:00:00.000,0.4279269842
2020-08-10 00:00:00.000,0.4011518585
2020-08-11 00:00:00.000,0.4101100169
2020-08-12 00:00:00.000,0.3947886903
2020-08-13 00:00:00.000,0.4248259178
2020-08-14 00:00:00.000,0.4435196293
2020-08-15 00:00:00.000,0.425302294
2020-08-16 00:00:00.000,0.4416844937
2020-08-17 00:00:00.000,0.5867432231
2020-08-18 00:00:00.000,0.6515488053
2020-08-19 00:00:00.000,0.5711115993
2020-08-20 00:00:00.000,0.5934106003
2020-08-21 00:00:00.000,0.5632264407
2020-08-22 00:00:00.000,0.524998495
2020-08-23 00:00:00.000,0.5496293514
2020-08-24 00:00:00.000,0.5647820045
2020-08-25 00:00:00.000,0.5339182292
2020-08-26 00:00:00.000,0.5213003257
2020-08-27 00:00:00.000,0.5392949918
2020-08-28 00:00:00.000,0.540646672
2020-08-29 00:00:00.000,0.5628354759
2020-08-30 00:00:00.000,0.6162316667
2020-08-31 00:00:00.000,0.5850630295
2020-09-01 00:00:00.000,0.546651405
2020-09-02 00:00:00.000,0.5267197871
2020-09-03 00:00:00.000,0.4979143782
2020-09-04 00:00:00.000,0.4203812655
2020-09-05 00:00:00.000,0.3675022989
2020-09-06 00:00:00.000,0.3537777531
2020-09-07 00:00:00.000,0.3847545387
2020-09-08 00:00:00.000,0.3614679707
2020-09-09 00:00:00.000,0.3600967807
2020-09-10 00:00:00.000,0.4114080076
2020-09-11 00:00:00.000,0.3917932293
2020-09-12 00:00:00.000,0.385250473
2020-09-13 00:00:00.000,0.3782050637
2020-09-14 00:00:00.000,0.3609711072
2020-09-15 00:00:00.000,0.3447043034
2020-09-16 00:00:00.000,0.3299276965
2020-09-17 00:00:00.000,0.3338512582
2020-09-18 00:00:00.000,0.3340205164
2020-09-19 00:00:00.000,0.3609004541
2020-09-20 00:00:00.000,0.3814077023
2020-09-21 00:00:00.000,0.3432490817
2020-09-22 00:00:00.000,0.3528359654
2020-09-23 00:00:00.000,0.3672793264
2020-09-24 00:00:00.000,0.378837628
2020-09-25 00:00:00.000,0.403278565
2020-09-26 00:00:00.000,0.4015500797
2020-09-27 00:00:00.000,0.3844109062
2020-09-28 00:00:00.000,0.3819879744
2020-09-29 00:00:00.000,0.3478657631
2020-09-30 00:00:00.000,0.3572631409
2020-10-01 00:00:00.000,0.3919816702
2020-10-02 00:00:00.000,0.3817213718
2020-10-03 00:00:00.000,0.362917292
2020-10-04 00:00:00.000,0.3429549498
2020-10-05 00:00:00.000,0.3319615446
2020-10-06 00:00:00.000,0.3028999044
2020-10-07 00:00:00.000,0.2808811567
2020-10-08 00:00:00.000,0.2983844411
2020-10-09 00:00:00.000,0.3216728151
2020-10-10 00:00:00.000,0.3220796167
2020-10-11 00:00:00.000,0.3121023051
2020-10-12 00:00:00.000,0.3172423083
2020-10-13 00:00:00.000,0.3634954707
2020-10-14 00:00:00.000,0.3703390408
2020-10-15 00:00:00.000,0.3643147257
2020-10-16 00:00:00.000,0.3507458009
2020-10-17 00:00:00.000,0.3409730102
2020-10-18 00:00:00.000,0.3589527984
2020-10-19 00:00:00.000,0.3760751846
2020-10-20 00:00:00.000,0.3515426961
2020-10-21 00:00:00.000,0.3375265975
2020-10-22 00:00:00.000,0.3516410824
2020-10-23 00:00:00.000,0.3508495624
2020-10-24 00:00:00.000,0.4130973706
2020-10-25 00:00:00.000,0.4629572893
2020-10-26 00:00:00.000,0.4355518921
2020-10-27 00:00:00.000,0.4784356492
2020-10-28 00:00:00.000,0.4993177196
2020-10-29 00:00:00.000,0.5061292614
2020-10-30 00:00:00.000,0.463758848
2020-10-31 00:00:00.000,0.4342596292
2020-11-01 00:00:00.000,0.447547793
2020-11-02 00:00:00.000,0.4881700169
2020-11-03 00:00:00.000,0.4514712409
2020-11-04 00:00:00.000,0.4410655238
2020-11-05 00:00:00.000,0.4549633016
2020-11-06 00:00:00.000,0.4851716733
2020-11-07 00:00:00.000,0.4965413225
2020-11-08 00:00:00.000,0.4901779692
2020-11-09 00:00:00.000,0.529415809
2020-11-10 00:00:00.000,0.5715179262
2020-11-11 00:00:00.000,0.6017744549
2020-11-12 00:00:00.000,0.5553567075
2020-11-13 00:00:00.000,0.5363256991
2020-11-14 00:00:00.000,0.5222693483
2020-11-15 00:00:00.000,0.5339493271
2020-11-16 00:00:00.000,0.5409182059
2020-11-17 00:00:00.000,0.5612661483
2020-11-18 00:00:00.000,0.5720705026
2020-11-19 00:00:00.000,0.5436913214
2020-11-20 00:00:00.000,0.5506041359
2020-11-21 00:00:00.000,0.5424092672
2020-11-22 00:00:00.000,0.5300950899
2020-11-23 00:00:00.000,0.5290286056
2020-11-24 00:00:00.000,0.5213510274
2020-11-25 00:00:00.000,0.5260081604
2020-11-26 00:00:00.000,0.4437603851
2020-11-27 00:00:00.000,0.4301227465
2020-11-28 00:00:00.000,0.4324292566
2020-11-29 00:00:00.000,0.4593765495
2020-11-30 00:00:00.000,0.4581373649
2020-12-01 00:00:00.000,0.4570796996
2020-12-02 00:00:00.000,0.4656280097
2020-12-03 00:00:00.000,0.4764946813
2020-12-04 00:00:00.000,0.4781798252
2020-12-05 00:00:00.000,0.4717518548
2020-12-06 00:00:00.000,0.4597057564
2020-12-07 00:00:00.000,0.4537623453
2020-12-08 00:00:00.000,0.4121150507
2020-12-09 00:00:00.000,0.3806120106
2020-12-10 00:00:00.000,0.3779256792
2020-12-11 00:00:00.000,0.3648371342
2020-12-12 00:00:00.000,0.3846699716
2020-12-13 00:00:00.000,0.3878181006
2020-12-14 00:00:00.000,0.3872018183
2020-12-15 00:00:00.000,0.4229660512
2020-12-16 00:00:00.000,0.4393374681
2020-12-17 00:00:00.000,0.4442067965
2020-12-18 00:00:00.000,0.4354021603
2020-12-19 00:00:00.000,0.4388541379
2020-12-20 00:00:00.000,0.4140820447
2020-12-21 00:00:00.000,0.3806556699
2020-12-22 00:00:00.000,0.383054134
2020-12-23 00:00:00.000,0.3614598688
2020-12-24 00:00:00.000,0.3109989791
2020-12-25 00:00:00.000,0.3336432241
2020-12-26 00:00:00.000,0.3238019925
2020-12-27 00:00:00.000,0.3244129606
2020-12-28 00:00:00.000,0.3520327047
2020-12-29 00:00:00.000,0.3422250871
2020-12-30 00:00:00.000,0.3254510622
2020-12-31 00:00:00.000,0.3218808301
2021-01-01 00:00:00.000,0.3411378754
2021-01-02 00:00:00.000,0.3387946349
2021-01-03 00:00:00.000,0.3651949531
2021-01-04 00:00:00.000,0.3982614595
2021-01-05 00:00:00.000,0.4006803864
2021-01-06 00:00:00.000,0.4655429073
2021-01-07 00:00:00.000,0.4581020437
2021-01-08 00:00:00.000,0.4177020732
2021-01-09 00:00:00.000,0.4381966967
2021-01-10 00:00:00.000,0.4567162675
2021-01-11 00:00:00.000,0.3838983666
2021-01-12 00:00:00.000,0.3832509613
2021-01-13 00:00:00.000,0.4002237946
2021-01-14 00:00:00.000,0.4426470796
2021-01-15 00:00:00.000,0.4498406809
2021-01-16 00:00:00.000,0.5365262064
2021-01-17 00:00:00.000,0.5451870176
2021-01-18 00:00:00.000,0.5910284458
2021-01-19 00:00:00.000,0.5839183597
2021-01-20 00:00:00.000,0.5887414957
2021-01-21 00:00:00.000,0.5309018682
2021-01-22 00:00:00.000,0.5008029648
2021-01-23 00:00:00.000,0.527588224
2021-01-24 00:00:00.000,0.5662446386
2021-01-25 00:00:00.000,0.6054111725
2021-01-26 00:00:00.000,0.560060583
2021-01-27 00:00:00.000,0.5408701109
2021-01-28 00:00:00.000,0.5430624332
2021-01-29 00:00:00.000,0.553950448
2021-01-30 00:00:00.000,0.5585370112
2021-01-31 00:00:00.000,0.5577804766
2021-02-01 00:00:00.000,0.5397772314
2021-02-02 00:00:00.000,0.5706786201
2021-02-03 00:00:00.000,0.581864831
2021-02-04 00:00:00.000,0.6153863657
2021-02-05 00:00:00.000,0.7509635135
2021-02-06 00:00:00.000,0.6987630565
2021-02-07 00:00:00.000,0.6883262956
2021-02-08 00:00:00.000,0.723957621
2021-02-09 00:00:00.000,0.811242068
2021-02-10 00:00:00.000,0.853677358
2021-02-11 00:00:00.000,0.9529013887
2021-02-12 00:00:00.000,1.168017405
2021-02-13 00:00:00.000,1.198978452
2021-02-14 00:00:00.000,1.076195589
2021-02-15 00:00:00.000,1.020459026
2021-02-16 00:00:00.000,1.030463993
2021-02-17 00:00:00.000,1.035676595
2021-02-18 00:00:00.000,1.15056317
2021-02-19 00:00:00.000,1.127299125
2021-02-20 00:00:00.000,1.124505471
2021-02-21 00:00:00.000,1.239920134
2021-02-22 00:00:00.000,1.16708337
2021-02-23 00:00:00.000,0.9309226813
2021-02-24 00:00:00.000,0.938907484
2021-02-25 00:00:00.000,0.9245615633
2021-02-26 00:00:00.000,0.842665881
2021-02-27 00:00:00.000,0.9003295424
2021-02-28 00:00:00.000,0.8502271081
2021-03-01 00:00:00.000,0.8930780842
2021-03-02 00:00:00.000,0.936797908
2021-03-03 00:00:00.000,1.126358207
2021-03-04 00:00:00.000,1.094621597
2021-03-05 00:00:00.000,1.107213028
2021-03-06 00:00:00.000,1.136266251
2021-03-07 00:00:00.000,1.506487018
2021-03-08 00:00:00.000,1.425342841
2021-03-09 00:00:00.000,1.45084097
2021-03-10 00:00:00.000,1.403222455
2021-03-11 00:00:00.000,1.361781071
2021-03-12 00:00:00.000,1.395619291
2021-03-13 00:00:00.000,1.37139103
2021-03-14 00:00:00.000,1.442939267
2021-03-15 00:00:00.000,1.491385882
2021-03-16 00:00:00.000,1.428048194
2021-03-17 00:00:00.000,1.385359362
2021-03-18 00:00:00.000,1.45079291
2021-03-19 00:00:00.000,1.46240956
2021-03-20 00:00:00.000,1.57880536
2021-03-21 00:00:00.000,1.533984863
2021-03-22 00:00:00.000,1.600708087
2021-03-23 00:00:00.000,1.455910444
2021-03-24 00:00:00.000,1.407809308
2021-03-25 00:00:00.000,1.251160967
2021-03-26 00:00:00.000,1.323868663
2021-03-27 00:00:00.000,1.344150695
2021-03-28 00:00:00.000,1.344150695
2021-03-29 00:00:00.000,1.439855972
2021-03-30 00:00:00.000,1.482152988
2021-03-31 00:00:00.000,1.467811499
2021-04-01 00:00:00.000,1.461201949
2021-04-02 00:00:00.000,1.455894272
2021-04-03 00:00:00.000,1.473801689
2021-04-04 00:00:00.000,1.444609932
2021-04-05 00:00:00.000,1.517308248
2021-04-06 00:00:00.000,1.589297918
2021-04-07 00:00:00.000,1.54450711
2021-04-08 00:00:00.000,1.622129042
2021-04-09 00:00:00.000,1.761993656
2021-04-10 00:00:00.000,1.819136378
2021-04-11 00:00:00.000,1.74533607
2021-04-12 00:00:00.000,1.682355998
2021-04-13 00:00:00.000,1.650740187
2021-04-14 00:00:00.000,1.650980668
2021-04-15 00:00:00.000,1.755407488
2021-04-16 00:00:00.000,1.715004224
2021-04-17 00:00:00.000,1.706796798
2021-04-18 00:00:00.000,1.525874511
2021-04-19 00:00:00.000,1.424584846
2021-04-20 00:00:00.000,1.34092776
2021-04-21 00:00:00.000,1.390497413
2021-04-22 00:00:00.000,1.292717934
2021-04-23 00:00:00.000,1.107482551
2021-04-24 00:00:00.000,1.06437628
2021-04-25 00:00:00.000,1.019231727
2021-04-26 00:00:00.000,1.192844183
2021-04-27 00:00:00.000,1.304901153
2021-04-28 00:00:00.000,1.314393605
2021-04-29 00:00:00.000,1.343287014
2021-04-30 00:00:00.000,1.337870558
2021-05-01 00:00:00.000,1.371897403
2021-05-02 00:00:00.000,1.334269357
2021-05-03 00:00:00.000,1.399118737
2021-05-04 00:00:00.000,1.381494416
2021-05-05 00:00:00.000,1.343936661
2021-05-06 00:00:00.000,1.373063221
2021-05-07 00:00:00.000,1.415309468
2021-05-08 00:00:00.000,1.448069172
2021-05-09 00:00:00.000,1.47483067
2021-05-10 00:00:00.000,1.519578695
2021-05-11 00:00:00.000,1.389768534
2021-05-12 00:00:00.000,1.393881872
2021-05-13 00:00:00.000,1.189146749
2021-05-14 00:00:00.000,1.177336621
2021-05-15 00:00:00.000,1.219166667
2021-05-16 00:00:00.000,1.141583165
2021-05-17 00:00:00.000,1.065247788
2021-05-18 00:00:00.000,1.089251135
2021-05-19 00:00:00.000,0.9342835292
2021-05-20 00:00:00.000,0.7891737083
2021-05-21 00:00:00.000,0.7707767199
2021-05-22 00:00:00.000,0.6246413798
2021-05-23 00:00:00.000,0.5335748987
2021-05-24 00:00:00.000,0.5251781647
2021-05-25 00:00:00.000,0.6004752089
2021-05-26 00:00:00.000,0.6812327917
2021-05-27 00:00:00.000,0.7208848078
2021-05-28 00:00:00.000,0.6298001187
2021-05-29 00:00:00.000,0.5775750306
2021-05-30 00:00:00.000,0.5358320928
2021-05-31 00:00:00.000,0.5469202085
2021-06-01 00:00:00.000,0.5710669352
2021-06-02 00:00:00.000,0.6347119167
2021-06-03 00:00:00.000,0.70607132
2021-06-04 00:00:00.000,0.6498436199
2021-06-05 00:00:00.000,0.656896466
2021-06-06 00:00:00.000,0.6633406982
2021-06-07 00:00:00.000,0.6525445417
2021-06-08 00:00:00.000,0.5701308471
2021-06-09 00:00:00.000,0.5720904583
2021-06-10 00:00:00.000,0.5818935238
2021-06-11 00:00:00.000,0.5496468744
2021-06-12 00:00:00.000,0.5137984541
2021-06-13 00:00:00.000,0.4910298915
2021-06-14 00:00:00.000,0.5365272674
2021-06-15 00:00:00.000,0.5619700664
2021-06-16 00:00:00.000,0.5530253234
2021-06-17 00:00:00.000,0.562278
2021-06-18 00:00:00.000,0.543541928
2021-06-19 00:00:00.000,0.5108933427
2021-06-20 00:00:00.000,0.4891082083
2021-06-21 00:00:00.000,0.451780344
2021-06-22 00:00:00.000,0.3979259721
2021-06-23 00:00:00.000,0.4056106905
2021-06-24 00:00:00.000,0.4175593361
2021-06-25 00:00:00.000,0.4289124167
2021-06-26 00:00:00.000,0.4246773421
2021-06-27 00:00:00.000,0.4078924583
2021-06-28 00:00:00.000,0.3995508997
2021-06-29 00:00:00.000,0.4286169113
2021-06-30 00:00:00.000,0.4459891667
2021-07-01 00:00:00.000,0.442114
2021-07-02 00:00:00.000,0.4405173013
2021-07-03 00:00:00.000,0.4406837674
2021-07-04 00:00:00.000,0.4475674541
2021-07-05 00:00:00.000,0.4487175146
2021-07-06 00:00:00.000,0.4471624167
2021-07-07 00:00:00.000,0.4795792641
2021-07-08 00:00:00.000,0.4528804509
2021-07-09 00:00:00.000,0.4241848228
2021-07-10 00:00:00.000,0.4355649588
2021-07-11 00:00:00.000,0.4449760399
2021-07-12 00:00:00.000,0.4394191675
2021-07-13 00:00:00.000,0.4252009158
2021-07-14 00:00:00.000,0.4082482225
2021-07-15 00:00:00.000,0.4104467437
2021-07-16 00:00:00.000,0.4039976492
2021-07-17 00:00:00.000,0.3836893603
2021-07-18 00:00:00.000,0.3877758487
2021-07-19 00:00:00.000,0.3685136291
2021-07-20 00:00:00.000,0.3408887647
2021-07-21 00:00:00.000,0.3549771228
2021-07-22 00:00:00.000,0.3736579309
2021-07-23 00:00:00.000,0.3855639059
2021-07-24 00:00:00.000,0.3984531106
2021-07-25 00:00:00.000,0.3999888841
2021-07-26 00:00:00.000,0.4400187102
2021-07-27 00:00:00.000,0.424092843
2021-07-28 00:00:00.000,0.4329277187
2021-07-29 00:00:00.000,0.4420289312
2021-07-30 00:00:00.000,0.4508995302
2021-07-31 00:00:00.000,0.4619942038
2021-08-01 00:00:00.000,0.5078665546
2021-08-02 00:00:00.000,0.5329403897
2021-08-03 00:00:00.000,0.518104
2021-08-04 00:00:00.000,0.518104
2021-08-05 00:00:00.000,0.518104
2021-08-06 00:00:00.000,0.518104
2021-08-07 00:00:00.000,0.5680279908
2021-08-08 00:00:00.000,0.5719566132
2021-08-09 00:00:00.000,0.5607108212
2021-08-10 00:00:00.000,0.6016023925
2021-08-11 00:00:00.000,0.6359445361
2021-08-12 00:00:00.000,0.6394007584
2021-08-13 00:00:00.000,0.6644994988
2021-08-14 00:00:00.000,0.6822379949
2021-08-15 00:00:00.000,0.7024105627
2021-08-16 00:00:00.000,0.7537765664
2021-08-17 00:00:00.000,0.7749149017
2021-08-18 00:00:00.000,0.7449375989
2021-08-19 00:00:00.000,0.7879356626
2021-08-20 00:00:00.000,0.8378006979
2021-08-21 00:00:00.000,0.9846687007
2021-08-22 00:00:00.000,0.9764992661
2021-08-23 00:00:00.000,0.9760664728
2021-08-24 00:00:00.000,0.9406933882
2021-08-25 00:00:00.000,0.8974141737
2021-08-26 00:00:00.000,0.8670377346
2021-08-27 00:00:00.000,0.8411421595
2021-08-28 00:00:00.000,0.8662198055
2021-08-29 00:00:00.000,0.8670796078
2021-08-30 00:00:00.000,0.8471081045
2021-08-31 00:00:00.000,0.8591005191
2021-09-01 00:00:00.000,0.8866135413
2021-09-02 00:00:00.000,0.918294491
2021-09-03 00:00:00.000,0.9053370804
2021-09-04 00:00:00.000,0.9350414485
2021-09-05 00:00:00.000,0.9634731919
2021-09-06 00:00:00.000,0.9779094652
2021-09-07 00:00:00.000,0.895197071
2021-09-08 00:00:00.000,0.7501690745
2021-09-09 00:00:00.000,0.7754044575
2021-09-10 00:00:00.000,0.7519856239
2021-09-11 00:00:00.000,0.7214646854
2021-09-12 00:00:00.000,0.7758156928
2021-09-13 00:00:00.000,0.7958365923
2021-09-14 00:00:00.000,0.7767006618
2021-09-15 00:00:00.000,0.783927
2021-09-16 00:00:00.000,0.783927
2021-09-17 00:00:00.000,0.7850953511
2021-09-18 00:00:00.000,0.8023307516
2021-09-19 00:00:00.000,0.7909031781
2021-09-20 00:00:00.000,0.6862825752
2021-09-21 00:00:00.000,0.662062
2021-09-22 00:00:00.000,0.662062
2021-09-23 00:00:00.000,0.662062
2021-09-24 00:00:00.000,0.6641824571
2021-09-25 00:00:00.000,0.6707445826
2021-09-26 00:00:00.000,0.6698366364
2021-09-27 00:00:00.000,0.6745193902
2021-09-28 00:00:00.000,0.6363014678
2021-09-29 00:00:00.000,0.6193033521
2021-09-30 00:00:00.000,0.6295655287
2021-10-01 00:00:00.000,0.6635220683
2021-10-02 00:00:00.000,0.716153522
2021-10-03 00:00:00.000,0.7294943089
2021-10-04 00:00:00.000,0.7073804576
2021-10-05 00:00:00.000,0.7436396381
2021-10-06 00:00:00.000,0.7426932346
2021-10-07 00:00:00.000,0.8212235199
2021-10-08 00:00:00.000,0.843445718
2021-10-09 00:00:00.000,0.8573552211
2021-10-10 00:00:00.000,0.8681988991
2021-10-11 00:00:00.000,0.8167421097
2021-10-12 00:00:00.000,0.7535988137
2021-10-13 00:00:00.000,0.7581810841
2021-10-14 00:00:00.000,0.8037763195
2021-10-15 00:00:00.000,0.8178875692
2021-10-16 00:00:00.000,0.8400759774
2021-10-17 00:00:00.000,0.8425739014
2021-10-18 00:00:00.000,0.8134783852
2021-10-19 00:00:00.000,0.8372476457
2021-10-20 00:00:00.000,0.8455826038
2021-10-21 00:00:00.000,0.9025643017
2021-10-22 00:00:00.000,0.9254154634
2021-10-23 00:00:00.000,0.9077646981
2021-10-24 00:00:00.000,0.8921370438
2021-10-25 00:00:00.000,0.9022645493
2021-10-26 00:00:00.000,0.9165641541
2021-10-27 00:00:00.000,0.8733303794
2021-10-28 00:00:00.000,0.8274278734
2021-10-29 00:00:00.000,0.8429629475
2021-10-30 00:00:00.000,0.8159562341
2021-10-31 00:00:00.000,0.8415004238
2021-11-01 00:00:00.000,1.00146043
2021-11-02 00:00:00.000,1.086943369
2021-11-03 00:00:00.000,1.02365961
2021-11-04 00:00:00.000,1.000788058
2021-11-05 00:00:00.000,0.9698167889
2021-11-06 00:00:00.000,0.9394734583
2021-11-07 00:00:00.000,0.9576254688
2021-11-08 00:00:00.000,0.9997024299
2021-11-09 00:00:00.000,0.9956513873
2021-11-10 00:00:00.000,0.9677513553
2021-11-11 00:00:00.000,0.9222324443
2021-11-12 00:00:00.000,0.9235610861
2021-11-13 00:00:00.000,0.9304971976
2021-11-14 00:00:00.000,0.9437483935
2021-11-15 00:00:00.000,0.9403877075
2021-11-16 00:00:00.000,0.8526256344
2021-11-17 00:00:00.000,0.8519409424
2021-11-18 00:00:00.000,0.8240229308
2021-11-19 00:00:00.000,0.8693327991
2021-11-20 00:00:00.000,0.9064555208
2021-11-21 00:00:00.000,0.9462885388
2021-11-22 00:00:00.000,0.9990749143
2021-11-23 00:00:00.000,1.081878076
2021-11-24 00:00:00.000,1.040702333
2021-11-25 00:00:00.000,1.01097911
2021-11-26 00:00:00.000,1.005392366
2021-11-27 00:00:00.000,1.21140851
2021-11-28 00:00:00.000,1.071561157
2021-11-29 00:00:00.000,1.07040389
2021-11-30 00:00:00.000,1.129376556
2021-12-01 00:00:00.000,1.28108192
2021-12-02 00:00:00.000,1.206144397
2021-12-03 00:00:00.000,1.284620767
2021-12-04 00:00:00.000,1.017478133
2021-12-05 00:00:00.000,1.000109076
2021-12-06 00:00:00.000,0.9019791632
2021-12-07 00:00:00.000,0.9392777553
2021-12-08 00:00:00.000,0.9032598761
2021-12-09 00:00:00.000,0.9378352146
2021-12-10 00:00:00.000,0.8840430139
2021-12-11 00:00:00.000,0.846293977
2021-12-12 00:00:00.000,0.85770009
2021-12-13 00:00:00.000,0.8210253047
2021-12-14 00:00:00.000,0.7761989167
2021-12-15 00:00:00.000,0.7926145865
2021-12-16 00:00:00.000,0.8247359394
2021-12-17 00:00:00.000,0.7864746491
2021-12-18 00:00:00.000,0.7908060775
2021-12-19 00:00:00.000,0.7860114479
2021-12-20 00:00:00.000,0.7522534695
2021-12-21 00:00:00.000,0.7727993964
2021-12-22 00:00:00.000,0.9266629749
2021-12-23 00:00:00.000,0.9431561654
2021-12-24 00:00:00.000,0.9571854793
2021-12-25 00:00:00.000,0.9740180595
2021-12-26 00:00:00.000,0.9486596637
2021-12-27 00:00:00.000,0.9860707
2021-12-28 00:00:00.000,0.9199763044
2021-12-29 00:00:00.000,0.8744743734
2021-12-30 00:00:00.000,0.8528660764
2021-12-31 00:00:00.000,0.8739525543
2022-01-01 00:00:00.000,0.8723242116
2022-01-02 00:00:00.000,0.9063965417
2022-01-03 00:00:00.000,0.9056181811
2022-01-04 00:00:00.000,0.9239297797
2022-01-05 00:00:00.000,0.9666577527
2022-01-06 00:00:00.000,0.847414129
2022-01-07 00:00:00.000,0.7709015077
2022-01-08 00:00:00.000,0.7539450681
2022-01-09 00:00:00.000,0.7370186728
2022-01-10 00:00:00.000,0.7312223648
2022-01-11 00:00:00.000,0.7234108962
2022-01-12 00:00:00.000,0.7686556051
2022-01-13 00:00:00.000,0.784976782
2022-01-14 00:00:00.000,0.7700624775
2022-01-15 00:00:00.000,0.8034025804
2022-01-16 00:00:00.000,0.8324688925
2022-01-17 00:00:00.000,0.8103384093
2022-01-18 00:00:00.000,0.7759013877
2022-01-19 00:00:00.000,0.7511278339
2022-01-20 00:00:00.000,0.7865296724
2022-01-21 00:00:00.000,0.7018894467
2022-01-22 00:00:00.000,0.6207858992
2022-01-23 00:00:00.000,0.6514675821
2022-01-24 00:00:00.000,0.5810334583
2022-01-25 00:00:00.000,0.5881718764
2022-01-26 00:00:00.000,0.5909575349
2022-01-27 00:00:00.000,0.5483476415
2022-01-28 00:00:00.000,0.561063511
2022-01-29 00:00:00.000,0.5891898485
2022-01-30 00:00:00.000,0.5897952521
2022-01-31 00:00:00.000,0.5586010258
2022-02-01 00:00:00.000,0.5772235122
2022-02-02 00:00:00.000,0.5631807268
2022-02-03 00:00:00.000,0.5391744107
2022-02-04 00:00:00.000,0.5753588508
2022-02-05 00:00:00.000,0.6308980017
2022-02-06 00:00:00.000,0.6116887484
2022-02-07 00:00:00.000,0.6425857013
2022-02-08 00:00:00.000,0.6357729457
2022-02-09 00:00:00.000,0.640502851
2022-02-10 00:00:00.000,0.6433122162
2022-02-11 00:00:00.000,0.6166668037
2022-02-12 00:00:00.000,0.5730361792
2022-02-13 00:00:00.000,0.5697244546
2022-02-14 00:00:00.000,0.5552475996
2022-02-15 00:00:00.000,0.5931889636
2022-02-16 00:00:00.000,0.6090895009
2022-02-17 00:00:00.000,0.5905101217
2022-02-18 00:00:00.000,0.5605854833
2022-02-19 00:00:00.000,0.5344438769
2022-02-20 00:00:00.000,0.5025280314
2022-02-21 00:00:00.000,0.4875227812
2022-02-22 00:00:00.000,0.4615782199
2022-02-23 00:00:00.000,0.4690826831
2022-02-24 00:00:00.000,0.4237447033
2022-02-25 00:00:00.000,0.4423854486
2022-02-26 00:00:00.000,0.4563957917
2022-02-27 00:00:00.000,0.4469010645
2022-02-28 00:00:00.000,0.4440795833
2022-03-01 00:00:00.000,0.4933008333
2022-03-02 00:00:00.000,0.4891919381
2022-03-03 00:00:00.000,0.4813062803
2022-03-04 00:00:00.000,0.4694595
2022-03-05 00:00:00.000,0.4451045833
2022-03-06 00:00:00.000,0.4420552785
2022-03-07 00:00:00.000,0.4207599583
2022-03-08 00:00:00.000,0.4300250833
2022-03-09 00:00:00.000,0.4439174872
2022-03-10 00:00:00.000,0.459945375
2022-03-11 00:00:00.000,0.4485175833
2022-03-12 00:00:00.000,0.44929025
2022-03-13 00:00:00.000,0.45882725
2022-03-14 00:00:00.000,0.4340459167
2022-03-15 00:00:00.000,0.431647625
2022-03-16 00:00:00.000,0.4546561667
2022-03-17 00:00:00.000,0.4660705833
2022-03-18 00:00:00.000,0.4654247083
2022-03-19 00:00:00.000,0.49009775
2022-03-20 00:00:00.000,0.4969035417
2022-03-21 00:00:00.000,0.5524613333
2022-03-22 00:00:00.000,0.6082394167
2022-03-23 00:00:00.000,0.5981494167
2022-03-24 00:00:00.000,0.5904784583
2022-03-25 00:00:00.000,0.5889297083
2022-03-26 00:00:00.000,0.59639825
2022-03-27 00:00:00.000,0.60108825
2022-03-28 00:00:00.000,0.6238859583
2022-03-29 00:00:00.000,0.6208115833
2022-03-30 00:00:00.000,0.6454263333
2022-03-31 00:00:00.000,0.6671355833
2022-04-01 00:00:00.000,0.625924625
2022-04-02 00:00:00.000,0.6475177917
2022-04-03 00:00:00.000,0.62783975
2022-04-04 00:00:00.000,0.6349761667
2022-04-05 00:00:00.000,0.62110325
2022-04-06 00:00:00.000,0.568025375
2022-04-07 00:00:00.000,0.541042
2022-04-08 00:00:00.000,0.5502528527
2022-04-09 00:00:00.000,0.5429626667
2022-04-10 00:00:00.000,0.5511684583
2022-04-11 00:00:00.000,0.5336117083
2022-04-12 00:00:00.000,0.4878805833
2022-04-13 00:00:00.000,0.4912467858
2022-04-14 00:00:00.000,0.5039249167
2022-04-15 00:00:00.000,0.4929882917
2022-04-16 00:00:00.000,0.4952778796
2022-04-17 00:00:00.000,0.4955817917
2022-04-18 00:00:00.000,0.4723244583
2022-04-19 00:00:00.000,0.5122317917
2022-04-20 00:00:00.000,0.544961875
2022-04-21 00:00:00.000,0.5517184167
2022-04-22 00:00:00.000,0.5546251476
2022-04-23 00:00:00.000,0.5347069955
2022-04-24 00:00:00.000,0.5154744583
2022-04-25 00:00:00.000,0.4936262917
2022-04-26 00:00:00.000,0.4995405594
2022-04-27 00:00:00.000,0.4779005417
2022-04-28 00:00:00.000,0.4801781667
2022-04-29 00:00:00.000,0.4638222083
2022-04-30 00:00:00.000,0.4476480417
2022-05-01 00:00:00.000,0.42641925
2022-05-02 00:00:00.000,0.42302175
2022-05-03 00:00:00.000,0.4152741667
2022-05-04 00:00:00.000,0.415336625
2022-05-05 00:00:00.000,0.4380136667
2022-05-06 00:00:00.000,0.398819625
2022-05-07 00:00:00.000,0.39230275
2022-05-08 00:00:00.000,0.3727892917
2022-05-09 00:00:00.000,0.3409476667
2022-05-10 00:00:00.000,0.3101274046
2022-05-11 00:00:00.000,0.2805057917
2022-05-12 00:00:00.000,0.2276843333
2022-05-13 00:00:00.000,0.2000142917
2022-05-14 00:00:00.000,0.2193171667
2022-05-15 00:00:00.000,0.219644
2022-05-16 00:00:00.000,0.2213084583
2022-05-17 00:00:00.000,0.224470875
2022-05-18 00:00:00.000,0.2272651667
2022-05-19 00:00:00.000,0.21723525
2022-05-20 00:00:00.000,0.2162060417
2022-05-21 00:00:00.000,0.2167465
2022-05-22 00:00:00.000,0.232472375
2022-05-23 00:00:00.000,0.240765875
2022-05-24 00:00:00.000,0.2259268333
2022-05-25 00:00:00.000,0.2261556667
2022-05-26 00:00:00.000,0.214479
2022-05-27 00:00:00.000,0.2006880833
2022-05-28 00:00:00.000,0.2020080833
2022-05-29 00:00:00.000,0.2057726667
2022-05-30 00:00:00.000,0.2224185
2022-05-31 00:00:00.000,0.2328282917
2022-06-01 00:00:00.000,0.2277829406
2022-06-02 00:00:00.000,0.210284375
2022-06-03 00:00:00.000,0.2106909583
2022-06-04 00:00:00.000,0.2403156667
2022-06-05 00:00:00.000,0.2330076667
2022-06-06 00:00:00.000,0.2452462083
2022-06-07 00:00:00.000,0.2337012083
2022-06-08 00:00:00.000,0.234431
2022-06-09 00:00:00.000,0.2485687083
2022-06-10 00:00:00.000,0.2838235833
2022-06-11 00:00:00.000,0.2623828333
2022-06-12 00:00:00.000,0.229033875
2022-06-13 00:00:00.000,0.1981840052
2022-06-14 00:00:00.000,0.1926169832
2022-06-15 00:00:00.000,0.1882913251
2022-06-16 00:00:00.000,0.1875280257
2022-06-17 00:00:00.000,0.1808678505
2022-06-18 00:00:00.000,0.1690475795
2022-06-19 00:00:00.000,0.1702370085
2022-06-20 00:00:00.000,0.182561819
2022-06-21 00:00:00.000,0.1958011209
2022-06-22 00:00:00.000,0.1848165638
2022-06-23 00:00:00.000,0.1895130094
2022-06-24 00:00:00.000,0.1998757971
2022-06-25 00:00:00.000,0.2009323335
2022-06-26 00:00:00.000,0.2015289355
2022-06-27 00:00:00.000,0.1950288446
2022-06-28 00:00:00.000,0.1935104585
2022-06-29 00:00:00.000,0.203386425
2022-06-30 00:00:00.000,0.1880552385
2022-07-01 00:00:00.000,0.182542
2022-07-02 00:00:00.000,0.182542
2022-07-03 00:00:00.000,0.182542
2022-07-04 00:00:00.000,0.182542
2022-07-05 00:00:00.000,0.1785869778
2022-07-06 00:00:00.000,0.168907739
2022-07-07 00:00:00.000,0.172974167
2022-07-08 00:00:00.000,0.1744046693
2022-07-09 00:00:00.000,0.1785710069
2022-07-10 00:00:00.000,0.1718457222
2022-07-11 00:00:00.000,0.1627256198
2022-07-12 00:00:00.000,0.1578443846
2022-07-13 00:00:00.000,0.15735684
2022-07-14 00:00:00.000,0.1633851293
2022-07-15 00:00:00.000,0.1707541972
2022-07-16 00:00:00.000,0.1676981056
2022-07-17 00:00:00.000,0.1794742629
2022-07-18 00:00:00.000,0.1853690576
2022-07-19 00:00:00.000,0.1900889156
2022-07-20 00:00:00.000,0.1903934731
2022-07-21 00:00:00.000,0.1802085453
2022-07-22 00:00:00.000,0.1841533154
2022-07-23 00:00:00.000,0.1812105545
2022-07-24 00:00:00.000,0.1848396929
2022-07-25 00:00:00.000,0.1764261033
2022-07-26 00:00:00.000,0.1710471498
2022-07-27 00:00:00.000,0.1791667546
2022-07-28 00:00:00.000,0.1902957771
2022-07-29 00:00:00.000,0.1992432584
2022-07-30 00:00:00.000,0.20589476
2022-07-31 00:00:00.000,0.2056956768
2022-08-01 00:00:00.000,0.1981944647
2022-08-02 00:00:00.000,0.187454101
2022-08-03 00:00:00.000,0.1898243751
2022-08-04 00:00:00.000,0.194924063
2022-08-05 00:00:00.000,0.2025603553
2022-08-06 00:00:00.000,0.2060217106
2022-08-07 00:00:00.000,0.2037594816
2022-08-08 00:00:00.000,0.2140835423
2022-08-09 00:00:00.000,0.2214323021
2022-08-10 00:00:00.000,0.2164023354
2022-08-11 00:00:00.000,0.2271659983
2022-08-12 00:00:00.000,0.2253852736
2022-08-13 00:00:00.000,0.2263180332
2022-08-14 00:00:00.000,0.221917986
2022-08-15 00:00:00.000,0.2113224854
2022-08-16 00:00:00.000,0.2075340884
2022-08-17 00:00:00.000,0.2000642655
2022-08-18 00:00:00.000,0.1930058714
2022-08-19 00:00:00.000,0.1704294556
2022-08-20 00:00:00.000,0.1669617723
2022-08-21 00:00:00.000,0.1697725548
2022-08-22 00:00:00.000,0.1669182995
2022-08-23 00:00:00.000,0.1694985758
2022-08-24 00:00:00.000,0.169264788
2022-08-25 00:00:00.000,0.1716574583
2022-08-26 00:00:00.000,0.1630999583
2022-08-27 00:00:00.000,0.1536894167
2022-08-28 00:00:00.000,0.1544695833
2022-08-29 00:00:00.000,0.1582617083
2022-08-30 00:00:00.000,0.164354125
2022-08-31 00:00:00.000,0.163597875
2022-09-01 00:00:00.000,0.164745125
2022-09-02 00:00:00.000,0.1653837083
2022-09-03 00:00:00.000,0.16109
2022-09-04 00:00:00.000,0.1628610833
2022-09-05 00:00:00.000,0.1643207083
2022-09-06 00:00:00.000,0.1683446667
2022-09-07 00:00:00.000,0.1730779583
2022-09-08 00:00:00.000,0.180989625
2022-09-09 00:00:00.000,0.1788200833
2022-09-10 00:00:00.000,0.184671875
2022-09-11 00:00:00.000,0.1816685833
2022-09-12 00:00:00.000,0.1834665833
2022-09-13 00:00:00.000,0.1740100417
2022-09-14 00:00:00.000,0.161841875
2022-09-15 00:00:00.000,0.1584814583
2022-09-16 00:00:00.000,0.1582627083
2022-09-17 00:00:00.000,0.1596641667
2022-09-18 00:00:00.000,0.158011125
2022-09-19 00:00:00.000,0.1532616667
2022-09-20 00:00:00.000,0.1567280417
2022-09-21 00:00:00.000,0.153095875
2022-09-22 00:00:00.000,0.1527793333
2022-09-23 00:00:00.000,0.1583496667
2022-09-24 00:00:00.000,0.1588424167
2022-09-25 00:00:00.000,0.160510625
2022-09-26 00:00:00.000,0.1618218333
2022-09-27 00:00:00.000,0.1616469167
2022-09-28 00:00:00.000,0.15500675
2022-09-29 00:00:00.000,0.155502875
2022-09-30 00:00:00.000,0.158343875
2022-10-01 00:00:00.000,0.1599505833
2022-10-02 00:00:00.000,0.1565254583
2022-10-03 00:00:00.000,0.1521552083
2022-10-04 00:00:00.000,0.1557878531
2022-10-05 00:00:00.000,0.1553364583
2022-10-06 00:00:00.000,0.1572634167
2022-10-07 00:00:00.000,0.1562927561
2022-10-08 00:00:00.000,0.1608505125
2022-10-09 00:00:00.000,0.1604332083
2022-10-10 00:00:00.000,0.1596227917
2022-10-11 00:00:00.000,0.152457875
2022-10-12 00:00:00.000,0.154787625
2022-10-13 00:00:00.000,0.1481781391
2022-10-14 00:00:00.000,0.1505528793
2022-10-15 00:00:00.000,0.1477657258
2022-10-16 00:00:00.000,0.1501777917
2022-10-17 00:00:00.000,0.1506123333
2022-10-18 00:00:00.000,0.163885125
2022-10-19 00:00:00.000,0.1632406619
2022-10-20 00:00:00.000,0.1648954583
2022-10-21 00:00:00.000,0.15935475
2022-10-22 00:00:00.000,0.1613520833
2022-10-23 00:00:00.000,0.1607545833
2022-10-24 00:00:00.000,0.1611832083
2022-10-25 00:00:00.000,0.162040125
2022-10-26 00:00:00.000,0.1682282083
2022-10-27 00:00:00.000,0.1744872917
2022-10-28 00:00:00.000,0.181745625
2022-10-29 00:00:00.000,0.1862675833
2022-10-30 00:00:00.000,0.1837403333
2022-10-31 00:00:00.000,0.1749102917
2022-11-01 00:00:00.000,0.1716872083
2022-11-02 00:00:00.000,0.1689817917
2022-11-03 00:00:00.000,0.19342325
2022-11-04 00:00:00.000,0.2229848333
2022-11-05 00:00:00.000,0.241919125
2022-11-06 00:00:00.000,0.2418269167
2022-11-07 00:00:00.000,0.2241187917
2022-11-08 00:00:00.000,0.19198375
2022-11-09 00:00:00.000,0.147023875
2022-11-10 00:00:00.000,0.1406794167
2022-11-11 00:00:00.000,0.1407206748
2022-11-12 00:00:00.000,0.1341910529
2022-11-13 00:00:00.000,0.1304192912
2022-11-14 00:00:00.000,0.1314483919
2022-11-15 00:00:00.000,0.1386544155
2022-11-16 00:00:00.000,0.1349540833
2022-11-17 00:00:00.000,0.1314600417
2022-11-18 00:00:00.000,0.1301279167
2022-11-19 00:00:00.000,0.12912425
2022-11-20 00:00:00.000,0.1297365417
2022-11-21 00:00:00.000,0.1207615417
2022-11-22 00:00:00.000,0.1201608333
2022-11-23 00:00:00.000,0.127366625
2022-11-24 00:00:00.000,0.128947
2022-11-25 00:00:00.000,0.1297150417
2022-11-26 00:00:00.000,0.1338557917
2022-11-27 00:00:00.000,0.1358052083
2022-11-28 00:00:00.000,0.1357370417
2022-11-29 00:00:00.000,0.1400076667
2022-11-30 00:00:00.000,0.1424622917
2022-12-01 00:00:00.000,0.1398024583
2022-12-02 00:00:00.000,0.138828125
2022-12-03 00:00:00.000,0.1386765
2022-12-04 00:00:00.000,0.1377996667
2022-12-05 00:00:00.000,0.1396647917
2022-12-06 00:00:00.000,0.1412165
2022-12-07 00:00:00.000,0.134959875
2022-12-08 00:00:00.000,0.1377066667
2022-12-09 00:00:00.000,0.1537891667
2022-12-10 00:00:00.000,0.1545596667
2022-12-11 00:00:00.000,0.155675625
2022-12-12 00:00:00.000,0.1669280417
2022-12-13 00:00:00.000,0.17222225
2022-12-14 00:00:00.000,0.1737534583
2022-12-15 00:00:00.000,0.1714365
2022-12-16 00:00:00.000,0.1705630417
2022-12-17 00:00:00.000,0.15349575
2022-12-18 00:00:00.000,0.1485852917
2022-12-19 00:00:00.000,0.149033875
2022-12-20 00:00:00.000,0.1560985833
2022-12-21 00:00:00.000,0.159978
2022-12-22 00:00:00.000,0.1657300417
2022-12-23 00:00:00.000,0.1633687917
2022-12-24 00:00:00.000,0.1633319167
2022-12-25 00:00:00.000,0.1651924583
2022-12-26 00:00:00.000,0.1693159583
2022-12-27 00:00:00.000,0.1766794167
2022-12-28 00:00:00.000,0.1738744583
2022-12-29 00:00:00.000,0.1695327083
2022-12-30 00:00:00.000,0.1637299167
2022-12-31 00:00:00.000,0.1653855
2023-01-01 00:00:00.000,0.1633492083
2023-01-02 00:00:00.000,0.1646019583
2023-01-03 00:00:00.000,0.1673428333
2023-01-04 00:00:00.000,0.173202125
2023-01-05 00:00:00.000,0.1813675417
2023-01-06 00:00:00.000,0.1877511667
2023-01-07 00:00:00.000,0.193503375
2023-01-08 00:00:00.000,0.2077240417
2023-01-09 00:00:00.000,0.2185776667
2023-01-10 00:00:00.000,0.2139968333
2023-01-11 00:00:00.000,0.225339875
2023-01-12 00:00:00.000,0.2301837917
2023-01-13 00:00:00.000,0.25703775
2023-01-14 00:00:00.000,0.2654395833
2023-01-15 00:00:00.000,0.259109125
2023-01-16 00:00:00.000,0.2595704583
2023-01-17 00:00:00.000,0.2692765833
2023-01-18 00:00:00.000,0.2749169167
2023-01-19 00:00:00.000,0.2703077917
2023-01-20 00:00:00.000,0.270840625
2023-01-21 00:00:00.000,0.32518475
2023-01-22 00:00:00.000,0.3245600833
2023-01-23 00:00:00.000,0.3396015
2023-01-24 00:00:00.000,0.363068
2023-01-25 00:00:00.000,0.3503897917
2023-01-26 00:00:00.000,0.3657199583
2023-01-27 00:00:00.000,0.3845832083
2023-01-28 00:00:00.000,0.3869347083
2023-01-29 00:00:00.000,0.3776385833
2023-01-30 00:00:00.000,0.3654536667
2023-01-31 00:00:00.000,0.3498090833
2023-02-01 00:00:00.000,0.3446307917
2023-02-02 00:00:00.000,0.3703093908
2023-02-03 00:00:00.000,0.3714776425
2023-02-04 00:00:00.000,0.3970558333
2023-02-05 00:00:00.000,0.4068802083
2023-02-06 00:00:00.000,0.438794
2023-02-07 00:00:00.000,0.520512
2023-02-08 00:00:00.000,0.5069848967
2023-02-09 00:00:00.000,0.4961393267
2023-02-10 00:00:00.000,0.4438575556
2023-02-11 00:00:00.000,0.4401161607
2023-02-12 00:00:00.000,0.4575046141
2023-02-13 00:00:00.000,0.4249242083
2023-02-14 00:00:00.000,0.4475852083
2023-02-15 00:00:00.000,0.4742265417
2023-02-16 00:00:00.000,0.4898477083
2023-02-17 00:00:00.000,0.4707187917
2023-02-18 00:00:00.000,0.4892372083
2023-02-19 00:00:00.000,0.4753213333
2023-02-20 00:00:00.000,0.4675845833
2023-02-21 00:00:00.000,0.4662513333
2023-02-22 00:00:00.000,0.4350330833
2023-02-23 00:00:00.000,0.4476362917
2023-02-24 00:00:00.000,0.427630375
2023-02-25 00:00:00.000,0.3967738333
2023-02-26 00:00:00.000,0.3999761667
2023-02-27 00:00:00.000,0.3986342083
2023-02-28 00:00:00.000,0.3992301667
2023-03-01 00:00:00.000,0.409676875
2023-03-02 00:00:00.000,0.4035183795
2023-03-03 00:00:00.000,0.36955075
2023-03-04 00:00:00.000,0.3780447917
2023-03-05 00:00:00.000,0.3958879583
2023-03-06 00:00:00.000,0.394174875
2023-03-07 00:00:00.000,0.38466825
2023-03-08 00:00:00.000,0.3515864167
2023-03-09 00:00:00.000,0.3306185
2023-03-10 00:00:00.000,0.31313675
2023-03-11 00:00:00.000,0.3356997917
2023-03-12 00:00:00.000,0.33870675
2023-03-13 00:00:00.000,0.3730837917
2023-03-14 00:00:00.000,0.40173725
2023-03-15 00:00:00.000,0.4167740858
2023-03-16 00:00:00.000,0.3924713333
2023-03-17 00:00:00.000,0.4061362917
2023-03-18 00:00:00.000,0.4242593333
2023-03-19 00:00:00.000,0.403868625
2023-03-20 00:00:00.000,0.3880799167
2023-03-21 00:00:00.000,0.371280625
2023-03-22 00:00:00.000,0.3672513333
2023-03-23 00:00:00.000,0.3666976667
2023-03-24 00:00:00.000,0.361386
2023-03-25 00:00:00.000,0.3523504583
2023-03-26 00:00:00.000,0.3541034167
2023-03-27 00:00:00.000,0.3409006667
2023-03-28 00:00:00.000,0.332886375
2023-03-29 00:00:00.000,0.3510051667
2023-03-30 00:00:00.000,0.3479098333
2023-03-31 00:00:00.000,0.348282875
2023-04-01 00:00:00.000,0.35531625
2023-04-02 00:00:00.000,0.3499149583
2023-04-03 00:00:00.000,0.341299
2023-04-04 00:00:00.000,0.347772625
2023-04-05 00:00:00.000,0.359445625
2023-04-06 00:00:00.000,0.3568985417
2023-04-07 00:00:00.000,0.3551726667
2023-04-08 00:00:00.000,0.3606923333
2023-04-09 00:00:00.000,0.3512430417
2023-04-10 00:00:00.000,0.3590660833
2023-04-11 00:00:00.000,0.3786665833
2023-04-12 00:00:00.000,0.37895025
2023-04-13 00:00:00.000,0.3855035417
2023-04-14 00:00:00.000,0.414148
2023-04-15 00:00:00.000,0.42267425
2023-04-16 00:00:00.000,0.4199187083
2023-04-17 00:00:00.000,0.4114873333
2023-04-18 00:00:00.000,0.4305280833
2023-04-19 00:00:00.000,0.4100895417
2023-04-20 00:00:00.000,0.3990035417
2023-04-21 00:00:00.000,0.385194625
2023-04-22 00:00:00.000,0.3671792083
2023-04-23 00:00:00.000,0.3654461667
2023-04-24 00:00:00.000,0.3703309167
2023-04-25 00:00:00.000,0.36222225
2023-04-26 00:00:00.000,0.3733537083
2023-04-27 00:00:00.000,0.3686704583
2023-04-28 00:00:00.000,0.3701253333
2023-04-29 00:00:00.000,0.378042
2023-04-30 00:00:00.000,0.3725647917
2023-05-01 00:00:00.000,0.3591132083
2023-05-02 00:00:00.000,0.3554060833
2023-05-03 00:00:00.000,0.3498878333
2023-05-04 00:00:00.000,0.3548435417
2023-05-05 00:00:00.000,0.356912625
2023-05-06 00:00:00.000,0.3438633333
2023-05-07 00:00:00.000,0.3378090417
2023-05-08 00:00:00.000,0.3167044167
2023-05-09 00:00:00.000,0.32514175
2023-05-10 00:00:00.000,0.3253526667
2023-05-11 00:00:00.000,0.324044375
2023-05-12 00:00:00.000,0.3255311667
2023-05-13 00:00:00.000,0.3344998333
2023-05-14 00:00:00.000,0.3328610417
2023-05-15 00:00:00.000,0.3360652917
2023-05-16 00:00:00.000,0.3274099167
2023-05-17 00:00:00.000,0.328241125
2023-05-18 00:00:00.000,0.32968575
2023-05-19 00:00:00.000,0.3351917917
2023-05-20 00:00:00.000,0.3337919167
2023-05-21 00:00:00.000,0.331826375
2023-05-22 00:00:00.000,0.322991625
2023-05-23 00:00:00.000,0.32958525
2023-05-24 00:00:00.000,0.3291201667
2023-05-25 00:00:00.000,0.3252268333
2023-05-26 00:00:00.000,0.3370695
2023-05-27 00:00:00.000,0.353726125
2023-05-28 00:00:00.000,0.355000125
2023-05-29 00:00:00.000,0.3496044583
2023-05-30 00:00:00.000,0.3723819167
2023-05-31 00:00:00.000,0.3762887917
2023-06-01 00:00:00.000,0.3914229167
2023-06-02 00:00:00.000,0.4201878333
2023-06-03 00:00:00.000,0.4102692083
2023-06-04 00:00:00.000,0.4115965417
2023-06-05 00:00:00.000,0.3766564167
2023-06-06 00:00:00.000,0.3551315
2023-06-07 00:00:00.000,0.3483465417
2023-06-08 00:00:00.000,0.3420167917
2023-06-09 00:00:00.000,0.334444875
2023-06-10 00:00:00.000,0.2860801667
2023-06-11 00:00:00.000,0.2902442083
2023-06-12 00:00:00.000,0.29282475
2023-06-13 00:00:00.000,0.3023427083
2023-06-14 00:00:00.000,0.29716575
2023-06-15 00:00:00.000,0.2965762917
2023-06-16 00:00:00.000,0.3349874583
2023-06-17 00:00:00.000,0.337168125
2023-06-18 00:00:00.000,0.332141125
2023-06-19 00:00:00.000,0.3292372917
2023-06-20 00:00:00.000,0.3338427917
2023-06-21 00:00:00.000,0.3492205417
2023-06-22 00:00:00.000,0.356186625
2023-06-23 00:00:00.000,0.355934375
2023-06-24 00:00:00.000,0.351397375
2023-06-25 00:00:00.000,0.34533925
2023-06-26 00:00:00.000,0.3352405417
2023-06-27 00:00:00.000,0.3385402083
2023-06-28 00:00:00.000,0.3263785833
2023-06-29 00:00:00.000,0.3181449583
2023-06-30 00:00:00.000,0.3218213333
2023-07-01 00:00:00.000,0.3231702917
2023-07-02 00:00:00.000,0.322102
2023-07-03 00:00:00.000,0.332943375
2023-07-04 00:00:00.000,0.336292625
2023-07-05 00:00:00.000,0.336577
2023-07-06 00:00:00.000,0.3328183333
2023-07-07 00:00:00.000,0.3498687083
2023-07-08 00:00:00.000,0.3769994583
2023-07-09 00:00:00.000,0.386476875
2023-07-10 00:00:00.000,0.3743635
2023-07-11 00:00:00.000,0.3618486667
2023-07-12 00:00:00.000,0.357951125
2023-07-13 00:00:00.000,0.3660686667
2023-07-14 00:00:00.000,0.37555975
2023-07-15 00:00:00.000,0.3806970833
2023-07-16 00:00:00.000,0.394177875
2023-07-17 00:00:00.000,0.3998337917
2023-07-18 00:00:00.000,0.39740825
2023-07-19 00:00:00.000,0.388737625
2023-07-20 00:00:00.000,0.3844100417
2023-07-21 00:00:00.000,0.3773883333
2023-07-22 00:00:00.000,0.3765358333
2023-07-23 00:00:00.000,0.36838075
2023-07-24 00:00:00.000,0.3559517917
2023-07-25 00:00:00.000,0.3496162917
2023-07-26 00:00:00.000,0.3476186667
2023-07-27 00:00:00.000,0.3542830417
2023-07-28 00:00:00.000,0.35782825
2023-07-29 00:00:00.000,0.3570953333
2023-07-30 00:00:00.000,0.3533499583
2023-07-31 00:00:00.000,0.35052725
2023-08-01 00:00:00.000,0.3455768333
2023-08-02 00:00:00.000,0.3467385417
2023-08-03 00:00:00.000,0.3427489583
2023-08-04 00:00:00.000,0.342002125
2023-08-05 00:00:00.000,0.3372125833
2023-08-06 00:00:00.000,0.3419268333
2023-08-07 00:00:00.000,0.339716125
2023-08-08 00:00:00.000,0.3392064167
2023-08-09 00:00:00.000,0.3441498333
2023-08-10 00:00:00.000,0.3420455417
2023-08-11 00:00:00.000,0.3466208333
2023-08-12 00:00:00.000,0.3426173333
2023-08-13 00:00:00.000,0.339747
2023-08-14 00:00:00.000,0.3466532083
2023-08-15 00:00:00.000,0.3404550833
2023-08-16 00:00:00.000,0.320634625
2023-08-17 00:00:00.000,0.313041375
2023-08-18 00:00:00.000,0.2986422917
2023-08-19 00:00:00.000,0.3048056667
2023-08-20 00:00:00.000,0.3069588333
2023-08-21 00:00:00.000,0.30374425
2023-08-22 00:00:00.000,0.298231125
2023-08-23 00:00:00.000,0.3006463333
2023-08-24 00:00:00.000,0.3112879167
2023-08-25 00:00:00.000,0.3149632083
2023-08-26 00:00:00.000,0.315645125
2023-08-27 00:00:00.000,0.3168770417
2023-08-28 00:00:00.000,0.3128427917
2023-08-29 00:00:00.000,0.3185845
2023-08-30 00:00:00.000,0.32598175
2023-08-31 00:00:00.000,0.329923375
2023-09-01 00:00:00.000,0.3160850833
2023-09-02 00:00:00.000,0.3136673333
2023-09-03 00:00:00.000,0.3217557917
2023-09-04 00:00:00.000,0.32355675
2023-09-05 00:00:00.000,0.3277574583
2023-09-06 00:00:00.000,0.3240077917
2023-09-07 00:00:00.000,0.32524125
2023-09-08 00:00:00.000,0.3284155
2023-09-09 00:00:00.000,0.32957975
2023-09-10 00:00:00.000,0.316671875
2023-09-11 00:00:00.000,0.3087821667
2023-09-12 00:00:00.000,0.31224225
2023-09-13 00:00:00.000,0.3132461667
2023-09-14 00:00:00.000,0.3142095
2023-09-15 00:00:00.000,0.31414225
2023-09-16 00:00:00.000,0.318040375
2023-09-17 00:00:00.000,0.3155509167
2023-09-18 00:00:00.000,0.31634325
2023-09-19 00:00:00.000,0.318524125
2023-09-20 00:00:00.000,0.323929875
2023-09-21 00:00:00.000,0.3240979583
2023-09-22 00:00:00.000,0.3282999583
2023-09-23 00:00:00.000,0.3281801667
2023-09-24 00:00:00.000,0.3265777083
2023-09-25 00:00:00.000,0.3208762917
2023-09-26 00:00:00.000,0.3177732083
2023-09-27 00:00:00.000,0.316615375
2023-09-28 00:00:00.000,0.3162314583
2023-09-29 00:00:00.000,0.3175665
2023-09-30 00:00:00.000,0.321099
2023-10-01 00:00:00.000,0.32789725
2023-10-02 00:00:00.000,0.3265495
2023-10-03 00:00:00.000,0.3093824167
2023-10-04 00:00:00.000,0.302442125
2023-10-05 00:00:00.000,0.301960125
2023-10-06 00:00:00.000,0.30297625
2023-10-07 00:00:00.000,0.3035600833
2023-10-08 00:00:00.000,0.3012414167
2023-10-09 00:00:00.000,0.2902376667
2023-10-10 00:00:00.000,0.2847806667
2023-10-11 00:00:00.000,0.2808162083
2023-10-12 00:00:00.000,0.2837325
2023-10-13 00:00:00.000,0.286476625
2023-10-14 00:00:00.000,0.2878624583
2023-10-15 00:00:00.000,0.2908844583
2023-10-16 00:00:00.000,0.2976372917
2023-10-17 00:00:00.000,0.2886462083
2023-10-18 00:00:00.000,0.2791445
2023-10-19 00:00:00.000,0.2765607917
2023-10-20 00:00:00.000,0.2814499583
2023-10-21 00:00:00.000,0.285918625
2023-10-22 00:00:00.000,0.2884469167
2023-10-23 00:00:00.000,0.298249125
2023-10-24 00:00:00.000,0.318195875
2023-10-25 00:00:00.000,0.3248550833
2023-10-26 00:00:00.000,0.3328125417
2023-10-27 00:00:00.000,0.3340772917
2023-10-28 00:00:00.000,0.3620807083
2023-10-29 00:00:00.000,0.3807444583
2023-10-30 00:00:00.000,0.3851796667
2023-10-31 00:00:00.000,0.375139375
2023-11-01 00:00:00.000,0.3773039583
2023-11-02 00:00:00.000,0.3924287083
2023-11-03 00:00:00.000,0.3978676028
2023-11-04 00:00:00.000,0.4204792917
2023-11-05 00:00:00.000,0.4129534583
2023-11-06 00:00:00.000,0.4114875
2023-11-07 00:00:00.000,0.4095404167
2023-11-08 00:00:00.000,0.4024672917
2023-11-09 00:00:00.000,0.4088407917
2023-11-10 00:00:00.000,0.405335625
2023-11-11 00:00:00.000,0.41917475
2023-11-12 00:00:00.000,0.42704575
2023-11-13 00:00:00.000,0.41391475
2023-11-14 00:00:00.000,0.384952
2023-11-15 00:00:00.000,0.4089942917
2023-11-16 00:00:00.000,0.4265476667
2023-11-17 00:00:00.000,0.419548
2023-11-18 00:00:00.000,0.395011625
2023-11-19 00:00:00.000,0.4322723333
2023-11-20 00:00:00.000,0.4793718333
2023-11-21 00:00:00.000,0.4665384167
2023-11-22 00:00:00.000,0.4596358333
2023-11-23 00:00:00.000,0.44062625
2023-11-24 00:00:00.000,0.4531665
2023-11-25 00:00:00.000,0.4571004167
2023-11-26 00:00:00.000,0.4553818333
2023-11-27 00:00:00.000,0.4382042917
2023-11-28 00:00:00.000,0.430633875
2023-11-29 00:00:00.000,0.4337482083
2023-11-30 00:00:00.000,0.4480558333
2023-12-01 00:00:00.000,0.4773900417
2023-12-02 00:00:00.000,0.48252425
2023-12-03 00:00:00.000,0.497431625
2023-12-04 00:00:00.000,0.5233190417
2023-12-05 00:00:00.000,0.53966475
2023-12-06 00:00:00.000,0.5196324583
2023-12-07 00:00:00.000,0.5143882083
2023-12-08 00:00:00.000,0.523265625
2023-12-09 00:00:00.000,0.5229267917
2023-12-10 00:00:00.000,0.5082254583
2023-12-11 00:00:00.000,0.4806839167
2023-12-12 00:00:00.000,0.49095225
2023-12-13 00:00:00.000,0.493684375
2023-12-14 00:00:00.000,0.528341625
2023-12-15 00:00:00.000,0.5549672917
2023-12-16 00:00:00.000,0.523129875
2023-12-17 00:00:00.000,0.50908625
2023-12-18 00:00:00.000,0.4924170833
2023-12-19 00:00:00.000,0.507618125
2023-12-20 00:00:00.000,0.5198510833
2023-12-21 00:00:00.000,0.5291100037
2023-12-22 00:00:00.000,0.5366575493
2023-12-23 00:00:00.000,0.5352796814
2023-12-24 00:00:00.000,0.5460123231
2023-12-25 00:00:00.000,0.5513032542
2023-12-26 00:00:00.000,0.5569160015
2023-12-27 00:00:00.000,0.5534782917
2023-12-28 00:00:00.000,0.54477275
2023-12-29 00:00:00.000,0.5219453333
2023-12-30 00:00:00.000,0.516705125
2023-12-31 00:00:00.000,0.517519125
2024-01-01 00:00:00.000,0.5152815
2024-01-02 00:00:00.000,0.5301281667
2024-01-03 00:00:00.000,0.4945335833
2024-01-04 00:00:00.000,0.4760890417
2024-01-05 00:00:00.000,0.463343164
2024-01-06 00:00:00.000,0.44531711
2024-01-07 00:00:00.000,0.4387378354
2024-01-08 00:00:00.000,0.4203376706
2024-01-09 00:00:00.000,0.431694875
2024-01-10 00:00:00.000,0.4349718814
2024-01-11 00:00:00.000,0.47032325
2024-01-12 00:00:00.000,0.4705605
2024-01-13 00:00:00.000,0.4568780764
2024-01-14 00:00:00.000,0.452372
2024-01-15 00:00:00.000,0.4407777917
2024-01-16 00:00:00.000,0.445537375
2024-01-17 00:00:00.000,0.4473777917
2024-01-18 00:00:00.000,0.4325182779
2024-01-19 00:00:00.000,0.4150379084
2024-01-20 00:00:00.000,0.4266994167
2024-01-21 00:00:00.000,0.4539119167
2024-01-22 00:00:00.000,0.43855325
2024-01-23 00:00:00.000,0.412415375
2024-01-24 00:00:00.000,0.4138673333
2024-01-25 00:00:00.000,0.4127600417
2024-01-26 00:00:00.000,0.4238125
2024-01-27 00:00:00.000,0.4342359167
2024-01-28 00:00:00.000,0.433293125
2024-01-29 00:00:00.000,0.43559875
2024-01-30 00:00:00.000,0.442248375
2024-01-31 00:00:00.000,0.4292565417
2024-02-01 00:00:00.000,0.4155395417
2024-02-02 00:00:00.000,0.4170927917
2024-02-03 00:00:00.000,0.420702125
2024-02-04 00:00:00.000,0.4127572917
2024-02-05 00:00:00.000,0.4130249811
2024-02-06 00:00:00.000,0.417287375
2024-02-07 00:00:00.000,0.4283464167
2024-02-08 00:00:00.000,0.4407000417
2024-02-09 00:00:00.000,0.4563017917
2024-02-10 00:00:00.000,0.4617011713
2024-02-11 00:00:00.000,0.4726094167
2024-02-12 00:00:00.000,0.4780859167
2024-02-13 00:00:00.000,0.497201
2024-02-14 00:00:00.000,0.503855
2024-02-15 00:00:00.000,0.5077727083
2024-02-16 00:00:00.000,0.5260751667
2024-02-17 00:00:00.000,0.56571625
2024-02-18 00:00:00.000,0.673851125
2024-02-19 00:00:00.000,0.7339238333